plot,Rep,Row,Column,taxa,Anthesis,Silking
1001,1,1,1,B97,72,77
1002,1,1,2,NS501,67,68
1003,1,1,3,LH59,71,73
1004,1,1,4,PHRE1,63,62
1005,1,1,5,PHR63,73,78
1006,1,1,6,LH74,71,69
1007,1,1,7,R227,77,81
1008,1,1,8,Pa405,69,72
1009,1,1,9,B85,69,71
1010,1,1,10,B97,72,76
1011,1,1,11,A508,62,61
1012,1,1,12,B97,73,75
1013,1,1,13,N7A,75,78
1014,1,1,14,Mo3,81,83
1015,1,1,15,B97,71,75
1016,1,1,16,6M502A,73,76
1017,1,1,17,A15,59,61
1018,1,1,18,B97,73,76
1019,1,1,19,CO245,60,61
1020,1,1,20,K64,79,79
1021,1,1,21,SD15,69,71
1022,1,1,22,LH260,71,71
1023,1,1,23,CO106,63,65
1024,1,1,24,B68,76,81
1025,1,1,25,NS701,75,77
1026,1,1,26,CML_323,81,86
1027,1,1,27,DKMM402A,72,77
1028,1,1,28,W8555,76,77
1029,1,2,1,DE3,71,73
1030,1,2,2,PHR31,71,73
1031,1,2,3,DK78010,69,71
1032,1,2,4,LH222,66,64
1033,1,2,5,Va99,73,76
1034,1,2,6,GE129,77,83
1035,1,2,7,CL27,57,59
1036,1,2,8,NORTH_7,69,71
1037,1,2,9,78551S,69,69
1038,1,2,10,Sg_18,75,76
1039,1,2,11,H124w,76,76
1040,1,2,12,B73,75,76
1041,1,2,13,F2834T,76,78
1042,1,2,14,CSJ3,56,59
1043,1,2,15,Yong_28,75,77
1044,1,2,16,W810G,73,76
1045,1,2,17,INBRED_309,73,81
1046,1,2,18,B97,72,77
1047,1,2,19,FR19,69,71
1048,1,2,20,NC294,77,81
1049,1,2,21,PHT10,75,76
1050,1,2,22,A239,71,71
1051,1,2,23,A415-1-3_INBRED,77,77
1052,1,2,24,Seagull_Seventeen,72,77
1053,1,2,25,MS116,66,72
1054,1,2,26,DKMBZA,75,78
1055,1,2,27,N501,68,72
1056,1,2,28,Pa392,66,71
1057,1,3,1,K150,71,77
1058,1,3,2,I29,66,68
1059,1,3,3,A635,66,68
1060,1,3,4,W182E,65,67
1061,1,3,5,N192,67,68
1062,1,3,6,DK8M116,76,78
1063,1,3,7,T232,77,78
1064,1,3,8,L_139,68,68
1065,1,3,9,B97,71,73
1066,1,3,10,DE2,73,77
1067,1,3,11,B97,71,75
1068,1,3,12,S_56,57,60
1069,1,3,13,CI_91B,75,77
1070,1,3,14,911,64,66
1071,1,3,15,CI_64,81,81
1072,1,3,16,EP1,61,63
1073,1,3,17,A344,63,63
1074,1,3,18,B106,71,76
1075,1,3,19,B97,71,77
1076,1,3,20,YING-55,66,71
1077,1,3,21,MBST,71,72
1078,1,3,22,CML_154Q,82,83
1079,1,3,23,A321,69,71
1080,1,3,24,H114,73,73
1081,1,3,25,INBRED_100,79,86
1082,1,3,26,J47,75,78
1083,1,3,27,NC364,73,76
1084,1,3,28,87916W,75,78
1085,1,4,1,PHZ51,71,72
1086,1,4,2,S8324,65,67
1087,1,4,3,A627,67,71
1088,1,4,4,MEF156-55-2,62,63
1089,1,4,5,F42,67,67
1090,1,4,6,CML_322,85,86
1091,1,4,7,IBB14,68,69
1092,1,4,8,NK794,69,69
1093,1,4,9,DKFBHJ,71,71
1094,1,4,10,INBRED_321,77,79
1095,1,4,11,CH157,65,66
1096,1,4,12,DKNL001,71,71
1097,1,4,13,ND247,64,67
1098,1,4,14,LH39,69,69
1099,1,4,15,LH212Ht,73,73
1100,1,4,16,NC348,77,77
1101,1,4,17,L317,77,83
1102,1,4,18,B97,73,77
1103,1,4,19,B97,71,77
1104,1,4,20,Mt42,61,63
1105,1,4,21,L_135,65,66
1106,1,4,22,W819G,73,77
1107,1,4,23,B97,71,76
1108,1,4,24,PHP76,69,71
1109,1,4,25,MS24A,66,69
1110,1,4,26,INBRED_109,77,79
1111,1,4,27,ND167,60,61
1112,1,4,28,LH216,75,77
1113,1,5,1,LH132,71,72
1114,1,5,2,PHH93,66,71
1115,1,5,3,4N506,73,73
1116,1,5,4,W603S,69,73
1117,1,5,5,B97,71,76
1118,1,5,6,Mo16W,79,81
1119,1,5,7,FC46,64,71
1120,1,5,8,B97,71,75
1121,1,5,9,PHR62,69,72
1122,1,5,10,SD42,70,72
1123,1,5,11,NQ402,67,71
1124,1,5,12,R101,71,76
1125,1,5,13,B54,69,73
1126,1,5,14,B97,72,77
1127,1,5,15,CA-4,77,77
1128,1,5,16,PHP85,75,76
1129,1,5,17,YE-CHI-HUNG,68,71
1130,1,5,18,B64,76,78
1131,1,5,19,NC230,79,79
1132,1,5,20,IDS28,71,78
1133,1,5,21,W815G,75,77
1134,1,5,22,DK3IIH6,67,68
1135,1,5,23,PHM57,79,79
1136,1,5,24,PHW03,66,65
1137,1,5,25,ND251,61,61
1138,1,5,26,PHB47,73,73
1139,1,5,27,CI_40H,69,71
1140,1,5,28,NC368,77,78
1141,1,6,1,LH217,71,71
1142,1,6,2,T242,65,69
1143,1,6,3,IA2132,62,63
1144,1,6,4,PHHH9,76,79
1145,1,6,5,LP1_NR_Ht,71,74
1146,1,6,6,CO125,64,66
1147,1,6,7,3IJI1,65,67
1148,1,6,8,B104,76,77
1149,1,6,9,NC340,84,87
1150,1,6,10,LH191,71,71
1151,1,6,11,Mo44,77,77
1152,1,6,12,LIBC_4,65,67
1153,1,6,13,B97,71,73
1154,1,6,14,DKIB014,69,71
1155,1,6,15,OQ601,69,71
1156,1,6,16,ND245,61,64
1157,1,6,17,INBRED_141,71,72
1158,1,6,18,Hi26,81,81
1159,1,6,19,LH82,69,69
1160,1,6,20,B97,73,75
1161,1,6,21,LH199,71,72
1162,1,6,22,A258,71,72
1163,1,6,23,T9,55,58
1164,1,6,24,B97,71,75
1165,1,6,25,A71,69,71
1166,1,6,26,LH60,77,77
1167,1,6,27,PHN46,76,77
1168,1,6,28,VaW6,73,77
1169,1,7,1,Ky226,78,81
1170,1,7,2,LH163,69,69
1171,1,7,3,T141,67,69
1172,1,7,4,NP899,71,77
1173,1,7,5,R177,71,78
1174,1,7,6,A663,75,79
1175,1,7,7,6F629,72,77
1176,1,7,8,B97,71,77
1177,1,7,9,H122w,75,77
1178,1,7,10,DK3IBZ2,63,61
1179,1,7,11,PHV57,66,66
1180,1,7,12,B97,71,78
1181,1,7,13,2MCDB,67,67
1182,1,7,14,LH51,65,65
1183,1,7,15,912,66,65
1184,1,7,16,A619,68,68
1185,1,7,17,CL17,58,59
1186,1,7,18,B97,71,75
1187,1,7,19,R134,77,79
1188,1,7,20,W811G,75,78
1189,1,7,21,LH38,69,69
1190,1,7,22,MS153,67,69
1191,1,7,23,CML_228,77,77
1192,1,7,24,Mo1W,75,77
1193,1,7,25,NC232,81,85
1194,1,7,26,38-11,80,84
1195,1,7,27,NC298,80,81
1196,1,7,28,PHJ75,63,65
1197,1,8,1,C49A,61,63
1198,1,8,2,B97,71,75
1199,1,8,3,C42,56,59
1200,1,8,4,PHT73,58,60
1201,1,8,5,B97,71,76
1202,1,8,6,HP301,75,77
1203,1,8,7,Mo5,79,79
1204,1,8,8,H99,71,75
1205,1,8,9,W821G,77,78
1206,1,8,10,52220,76,77
1207,1,8,11,PHR32,75,77
1208,1,8,12,DKF274,73,77
1209,1,8,13,C123,68,68
1210,1,8,14,LH231,70,70
1211,1,8,15,T146,64,65
1212,1,8,16,W604S,69,71
1213,1,8,17,W812G,76,78
1214,1,8,18,LH61,65,67
1215,1,8,19,PHR58,76,77
1216,1,8,20,B97,71,77
1217,1,8,21,Oh40B,73,77
1218,1,8,22,B97,71,76
1219,1,8,23,A672,67,68
1220,1,8,24,INBRED_305,73,77
1221,1,8,25,A96,64,64
1222,1,8,26,N540,79,78
1223,1,8,27,N215,76,77
1224,1,8,28,ND260,64,63
1225,1,9,1,DK6F545,75,75
1226,1,9,2,Ky228,79,86
1227,1,9,3,PHG35,70,73
1228,1,9,4,PHK76,69,69
1229,1,9,5,Sg_1533,81,82
1230,1,9,6,CO255,61,61
1231,1,9,7,Mo7,82,85
1232,1,9,8,PH5HK,71,72
1233,1,9,9,W23,69,72
1234,1,9,10,CH753-4,67,68
1235,1,9,11,B97,71,76
1236,1,9,12,NC328,75,75
1237,1,9,13,B97,71,76
1238,1,9,14,PHB09,71,71
1239,1,9,15,PHV53,76,79
1240,1,9,16,LH198,73,73
1241,1,9,17,ND230,61,61
1242,1,9,18,B77,75,75
1243,1,9,19,A427,73,77
1244,1,9,20,ICI_740,75,75
1245,1,9,21,PHK05,58,59
1246,1,9,22,NC236,79,80
1247,1,9,23,MS1334,63,62
1248,1,9,24,PHK42,69,72
1249,1,9,25,LH57,69,72
1250,1,9,26,IDS91,75,75
1251,1,9,27,Il14H,68,75
1252,1,9,28,LH188,77,77
1253,1,10,1,H84,71,77
1254,1,10,2,CQ702RC,72,75
1255,1,10,3,Mo46,67,71
1256,1,10,4,F115,64,66
1257,1,10,5,B97,71,73
1258,1,10,6,NC356,80,81
1259,1,10,7,PHW51,75,75
1260,1,10,8,LP5,69,71
1261,1,10,9,W64A,67,69
1262,1,10,10,B8,66,67
1263,1,10,11,CO192,63,64
1264,1,10,12,A73,69,71
1265,1,10,13,PHN18,72,75
1266,1,10,14,WIL901,75,75
1267,1,10,15,DK84BRQ4,73,77
1268,1,10,16,B87,71,73
1269,1,10,17,DK78371A,75,75
1270,1,10,18,B97,72,77
1271,1,10,19,L_289,75,75
1272,1,10,20,PHEG9,75,75
1273,1,10,21,LH194,76,76
1274,1,10,22,N199,75,75
1275,1,10,23,DKWDAD1,71,73
1276,1,10,24,4578_INBRED,75,75
1277,1,10,25,IBB15,69,73
1278,1,10,26,PHR61,75,75
1279,1,10,27,2MA22,71,77
1280,1,10,28,R225,80,81
1281,1,11,1,Bei_10_=_North_10,71,73
1282,1,11,2,OQ603,68,69
1283,1,11,3,B97,71,75
1284,1,11,4,CM48,59,59
1285,1,11,5,B97,72,77
1286,1,11,6,N193,69,71
1287,1,11,7,11430,69,71
1288,1,11,8,K41,75,76
1289,1,11,9,LH183,73,73
1290,1,11,10,LH224,71,73
1291,1,11,11,OQ101,64,64
1292,1,11,12,B97,72,77
1293,1,11,13,PHJ89,68,68
1294,1,11,14,Va52,71,76
1295,1,11,15,ZS01250,65,66
1296,1,11,16,LH172,67,69
1297,1,11,17,B14A,73,76
1298,1,11,18,PHTE4,68,68
1299,1,11,19,PHK74,64,65
1300,1,11,20,PHR36,73,75
1301,1,11,21,W32,72,75
1302,1,11,22,PHW06,62,63
1303,1,11,23,A334,64,65
1304,1,11,24,AS6103,75,75
1305,1,11,25,N545,81,81
1306,1,11,26,LH169Ht,69,72
1307,1,11,27,B97,75,75
1308,1,11,28,NC318,81,81
1309,1,12,1,B97,72,77
1310,1,12,2,Ia5125B,66,66
1311,1,12,3,LH160,63,66
1312,1,12,4,N527,71,77
1313,1,12,5,PHN11,66,67
1314,1,12,6,PHEM9,66,66
1315,1,12,7,PHJ65,81,87
1316,1,12,8,N217,77,78
1317,1,12,9,LH211,76,76
1318,1,12,10,B97,71,77
1319,1,12,11,K4,81,81
1320,1,12,12,Va26,73,73
1321,1,12,13,PHT77,69,71
1322,1,12,14,NC306,76,78
1323,1,12,15,ICI_441,71,72
1324,1,12,16,B76,72,73
1325,1,12,17,B97,75,75
1326,1,12,18,B97,75,75
1327,1,12,19,DK84QAB1,75,73
1328,1,12,20,B164,73,76
1329,1,12,21,K47,75,81
1330,1,12,22,Va17,75,77
1331,1,12,23,PHV63,75,75
1332,1,12,24,U_123,62,63
1333,1,12,25,Pa880,76,81
1334,1,12,26,Mo24W,78,83
1335,1,12,27,Va59,75,75
1336,1,12,28,CI_3A,81,83
1337,1,13,1,A679,69,71
1338,1,13,2,CM7,60,61
1339,1,13,3,Il778d,71,75
1340,1,13,4,B97,75,77
1341,1,13,5,R78,75,79
1342,1,13,6,PHK35,72,77
1343,1,13,7,Mo30W,77,
1344,1,13,8,OS602,68,68
1345,1,13,9,LH284,76,76
1346,1,13,10,LH181,71,77
1347,1,13,11,MS142,64,64
1348,1,13,12,E8501,73,77
1349,1,13,13,PHP60,81,83
1350,1,13,14,Hi28,81,91
1351,1,13,15,PHG39,75,77
1352,1,13,16,W8304,75,77
1353,1,13,17,N538,75,77
1354,1,13,18,PHN47,82,86
1355,1,13,19,K155,79,81
1356,1,13,20,NC290A,77,86
1357,1,13,21,B97,73,77
1358,1,13,22,N6,71,77
1359,1,13,23,DE4,73,77
1360,1,13,24,HB8229,79,81
1361,1,13,25,B97,77,78
1362,1,13,26,H52,86,91
1363,1,13,27,G22_T122,61,63
1364,1,13,28,GE54,77,82
1365,1,14,1,NC362,77,79
1366,1,14,2,PHK56,72,73
1367,1,14,3,Pa778,68,71
1368,1,14,4,B-18_INBR.FR.SUPERGOLD,69,77
1369,1,14,5,H110,77,81
1370,1,14,6,PHJ40,63,63
1371,1,14,7,PHVA9,69,69
1372,1,14,8,ND287,64,65
1373,1,14,9,RS_710,63,65
1374,1,14,10,L_155,67,68
1375,1,14,11,DKPB80,77,76
1376,1,14,12,ICI_986,71,72
1377,1,14,13,A662,61,61
1378,1,14,14,ND259,64,65
1379,1,14,15,B108,77,77
1380,1,14,16,PHJR5,71,72
1381,1,14,17,B97,73,77
1382,1,14,18,W605S,71,77
1383,1,14,19,AusTRCF_306238,77,78
1384,1,14,20,WXB6,77,79
1385,1,14,21,CO256,73,78
1386,1,14,22,PHJ70,77,77
1387,1,14,23,Eng-Li_Chih,68,68
1388,1,14,24,LH189Ht,77,81
1389,1,14,25,AS5707,72,73
1390,1,14,26,A682,68,68
1391,1,14,27,MS106,72,75
1392,1,14,28,LH205,71,71
1393,1,15,1,NC13,80,89
1394,1,15,2,LH206,71,71
1395,1,15,3,A155,64,66
1396,1,15,4,PHMK0,81,85
1397,1,15,5,LH149,68,69
1398,1,15,6,W802G,65,66
1399,1,15,7,CQ806,77,77
1400,1,15,8,F44,86,92
1401,1,15,9,LH196,73,72
1402,1,15,10,W24,72,77
1403,1,15,11,A374,68,71
1404,1,15,12,ZS635,71,72
1405,1,15,13,A659,70,73
1406,1,15,14,J8606,73,77
1407,1,15,15,SG_30A,73,72
1408,1,15,16,S8326,75,77
1409,1,15,17,R197,75,75
1410,1,15,18,B97,75,76
1411,1,15,19,T8,81,75
1412,1,15,20,R4,75,81
1413,1,15,21,B97,75,77
1414,1,15,22,P39,68,72
1415,1,15,23,B97,73,77
1416,1,15,24,B97,77,79
1417,1,15,25,MS132,77,77
1418,1,15,26,A322,68,68
1419,1,15,27,Mo47,73,77
1420,1,15,28,N218,77,77
1421,1,16,1,Mp339,84,86
1422,1,16,2,HP72-11,77,81
1423,1,16,3,LH162,65,67
1424,1,16,4,B101,77,81
1425,1,16,5,CM37,60,61
1426,1,16,6,K148,77,81
1427,1,16,7,B97,73,77
1428,1,16,8,L_127,66,67
1429,1,16,9,FBLL,73,73
1430,1,16,10,W602S,69,73
1431,1,16,11,N28,77,77
1432,1,16,12,A12,65,66
1433,1,16,13,LH167,69,69
1434,1,16,14,DK8M129,71,73
1435,1,16,15,NKNP901,71,77
1436,1,16,16,B57,71,77
1437,1,16,17,A674,68,68
1438,1,16,18,NC342,75,77
1439,1,16,19,B97,73,77
1440,1,16,20,B109,78,77
1441,1,16,21,MS222,64,65
1442,1,16,22,Fe,82,83
1443,1,16,23,ND283,69,69
1444,1,16,24,A,68,69
1445,1,16,25,PHBW8,77,77
1446,1,16,26,Yu796_NS,69,71
1447,1,16,27,H49,77,77
1448,1,16,28,LH54,69,71
1449,1,17,1,B97,72,77
1450,1,17,2,MS225,71,78
1451,1,17,3,H91,73,77
1452,1,17,4,PHEW7,72,72
1453,1,17,5,4F-234_BX_4,77,79
1454,1,17,6,Huobai,80,77
1455,1,17,7,NC304,81,86
1456,1,17,8,LH123HT,77,77
1457,1,17,9,PHGG7,64,65
1458,1,17,10,Ky21,81,88
1459,1,17,11,T234,80,86
1460,1,17,12,LH156,77,79
1461,1,17,13,B79,75,75
1462,1,17,14,DK83IBI3,66,69
1463,1,17,15,MBPM,77,77
1464,1,17,16,N28Ht,75,75
1465,1,17,17,B10,77,84
1466,1,17,18,R229,75,77
1467,1,17,19,PHR25,63,63
1468,1,17,20,W814G,73,77
1469,1,17,21,A654,64,64
1470,1,17,22,B97,72,77
1471,1,17,23,ND262,61,60
1472,1,17,24,B97,78,77
1473,1,17,25,Va22,77,79
1474,1,17,26,PHN66,77,77
1475,1,17,27,H71,77,77
1476,1,17,28,B107,71,77
1477,1,18,1,PHN34,77,77
1478,1,18,2,LH218,77,77
1479,1,18,3,PHR55,75,77
1480,1,18,4,LH128,75,77
1481,1,18,5,ND249,61,61
1482,1,18,6,Va14,77,86
1483,1,18,7,CO117,61,63
1484,1,18,8,PHTM9,65,65
1485,1,18,9,Va102,73,77
1486,1,18,10,NC302,77,80
1487,1,18,11,Pa91,77,81
1488,1,18,12,LH200,71,73
1489,1,18,13,W117HT,64,66
1490,1,18,14,DK8F196,73,77
1491,1,18,15,B97,72,77
1492,1,18,16,IDS69,77,81
1493,1,18,17,H113,71,77
1494,1,18,18,W818G,81,85
1495,1,18,19,B97,73,77
1496,1,18,20,Mo13,85,90
1497,1,18,21,MS72,68,73
1498,1,18,22,CML_218,91,93
1499,1,18,23,PHT55,77,79
1500,1,18,24,ND265,67,67
1501,1,18,25,W601S,75,77
1502,1,18,26,WIL500,77,79
1503,1,18,27,A673,65,67
1504,1,18,28,PHN82,71,77
1505,1,19,1,LH190,77,77
1506,1,19,2,B97,73,77
1507,1,19,3,LH175,66,66
1508,1,19,4,B105,71,77
1509,1,19,5,PHP55,69,72
1510,1,19,6,CG10,66,64
1511,1,19,7,787,79,77
1512,1,19,8,NK907,63,64
1513,1,19,9,Oh43,71,72
1514,1,19,10,LH166,68,69
1515,1,19,11,A305,65,66
1516,1,19,12,LH143_(Maintainer),70,71
1517,1,19,13,R181B,72,73
1518,1,19,14,B97,72,77
1519,1,19,15,B97,72,78
1520,1,19,16,B97,72,77
1521,1,19,17,LH193,73,77
1522,1,19,18,PHTD5,64,64
1523,1,19,19,PHBA6,69,71
1524,1,19,20,R71,73,77
1525,1,19,21,KO679Y,81,81
1526,1,19,22,INBRED_2-687,77,79
1527,1,19,23,PHG47,69,72
1528,1,19,24,B97,77,79
1529,1,19,25,NC310,79,79
1530,1,19,26,Wf9,73,77
1531,1,19,27,PHJ31,83,86
1532,1,19,28,B52,79,81
1533,1,20,1,MS200,67,72
1534,1,20,2,R53,64,65
1535,1,20,3,PHM10,72,77
1536,1,20,4,Chi-tan_120,69,72
1537,1,20,5,R30,77,81
1538,1,20,6,NC250,77,77
1539,1,20,7,PHKM5,63,63
1540,1,20,8,CR14,67,67
1541,1,20,9,W182BN,65,66
1542,1,20,10,Mo45,79,79
1543,1,20,11,CI_540,77,83
1544,1,20,12,91IFC2,67,68
1545,1,20,13,NKH8431,69,69
1546,1,20,14,B42,73,77
1547,1,20,15,PHAW6,72,72
1548,1,20,16,B-28,71,77
1549,1,20,17,DE811,78,77
1550,1,20,18,Oh43E,69,73
1551,1,20,19,SD101,71,71
1552,1,20,20,CH711-10,68,71
1553,1,20,21,PHM81,61,60
1554,1,20,22,PHT22,73,77
1555,1,20,23,B97,72,77
1556,1,20,24,PHHB4,73,77
1557,1,20,25,A3G-3-3-1-313,77,78
1558,1,20,26,B97,73,79
1559,1,20,27,2FACC,71,71
1560,1,20,28,MBWZ,77,77
1561,1,21,1,PHP38,73,76
1562,1,21,2,PHG50,69,69
1563,1,21,3,B97,73,76
1564,1,21,4,Pa762,72,73
1565,1,21,5,A401,71,76
1566,1,21,6,PHJ33,71,73
1567,1,21,7,B97,73,77
1568,1,21,8,B97,73,76
1569,1,21,9,LH210,76,76
1570,1,21,10,DKMBUB,76,77
1571,1,21,11,PHW20,68,71
1572,1,21,12,MS226,72,71
1573,1,21,13,Mo39,77,76
1574,1,21,14,WIL900,72,77
1575,1,21,15,B97,73,76
1576,1,21,16,A680,76,76
1577,1,21,17,PHWG5,77,78
1578,1,21,18,LH214,76,77
1579,1,21,19,LH252,79,86
1580,1,21,20,SD44,67,68
1581,1,21,21,A632,72,73
1582,1,21,22,792,71,73
1583,1,21,23,NC350,81,81
1584,1,21,24,DJ7,76,77
1585,1,21,25,H121,76,82
1586,1,21,26,2369,73,76
1587,1,21,27,KUNG-70,72,73
1588,1,21,28,PHW17,73,76
1589,1,22,1,H14,77,89
1590,1,22,2,PHN41,71,71
1591,1,22,3,W22,72,76
1592,1,22,4,AM0776,68,71
1593,1,22,5,PHG29,68,72
1594,1,22,6,ICI_893,77,78
1595,1,22,7,1538,64,65
1596,1,22,8,F7,59,59
1597,1,22,9,PHV07,72,76
1598,1,22,10,LH159,81,85
1599,1,22,11,B97,72,77
1600,1,22,12,NC262,71,78
1601,1,22,13,PHBB3,72,78
1602,1,22,14,Va85,76,76
1603,1,22,15,TZU-CHIAO-HSI-WU_105,76,77
1604,1,22,16,B99,72,79
1605,1,22,17,B97,72,77
1606,1,22,18,B97,73,77
1607,1,22,19,R226,77,79
1608,1,22,20,B97,76,77
1609,1,22,21,DKMBNA,68,73
1610,1,22,22,PHT60,71,72
1611,1,22,23,PHG84,77,81
1612,1,22,24,29MIBZ2,64,67
1613,1,22,25,LH223,68,69
1614,1,22,26,B97,72,76
1615,1,22,27,PHEM7,61,62
1616,1,22,28,CML_108,84,98
1617,1,23,1,NKBCC03,72,77
1618,1,23,2,PHT11,72,73
1619,1,23,3,B75,71,73
1620,1,23,4,LH127,71,71
1621,1,23,5,PHGV6,81,81
1622,1,23,6,DK78002A,71,73
1623,1,23,7,NK740,71,76
1624,1,23,8,PHPR5,71,73
1625,1,23,9,B90,73,76
1626,1,23,10,WU-TAN-TZAO,76,77
1627,1,23,11,CML_91,86,89
1628,1,23,12,LH225,66,68
1629,1,23,13,CO258,76,77
1630,1,23,14,MS224,71,78
1631,1,23,15,B97,76,78
1632,1,23,16,YE_4,73,76
1633,1,23,17,L222,68,68
1634,1,23,18,Huanyao,72,76
1635,1,23,19,PHT47,73,76
1636,1,23,20,B97,73,78
1637,1,23,21,LH164,66,67
1638,1,23,22,A661,63,66
1639,1,23,23,LH184,76,76
1640,1,23,24,SD40,71,77
1641,1,23,25,C103,71,76
1642,1,23,26,CM105,63,64
1643,1,23,27,Va35,73,76
1644,1,23,28,Os420,68,76
1645,1,24,1,N209,73,76
1646,1,24,2,B65,76,76
1647,1,24,3,NQ508,71,73
1648,1,24,4,PHK29,76,77
1649,1,24,5,YELLOW_3-4,67,67
1650,1,24,6,W182B,64,64
1651,1,24,7,PHG80,71,71
1652,1,24,8,PHWRZ,71,71
1653,1,24,9,B46,76,79
1654,1,24,10,B84,76,76
1655,1,24,11,ICI_193,68,71
1656,1,24,12,B91,76,79
1657,1,24,13,B73Htrhm,77,78
1658,1,24,14,Oh7,77,80
1659,1,24,15,NC326,78,79
1660,1,24,16,DKHBA1,76,77
1661,1,24,17,W37A,65,67
1662,1,24,18,A649,63,62
1663,1,24,19,F118,79,79
1664,1,24,20,LH146Ht,67,71
1665,1,24,21,SD102,71,73
1666,1,24,22,PHK46,77,83
1667,1,24,23,LH213,73,78
1668,1,24,24,LH215,71,73
1669,1,24,25,PHG71,69,71
1670,1,24,26,B97,73,76
1671,1,24,27,NC260,76,79
1672,1,24,28,B14,73,79
1673,1,25,1,CML_220,81,83
1674,1,25,2,C68,68,71
1675,1,25,3,NP87,76,79
1676,1,25,4,N201,76,77
1677,1,25,5,M37W,81,86
1678,1,25,6,W813G,71,76
1679,1,25,7,A548,66,67
1680,1,25,8,CS608,71,73
1681,1,25,9,Oh603,77,78
1682,1,25,10,B97,76,79
1683,1,25,11,B97,73,78
1684,1,25,12,B37,76,75
1685,1,25,13,B66,72,76
1686,1,25,14,CS405,71,71
1687,1,25,15,CI_28A,77,79
1688,1,25,16,LH197,71,77
1689,1,25,17,LH1,73,79
1690,1,25,18,AQA3,68,68
1691,1,25,19,Tx303,85,87
1692,1,25,20,W809G,76,77
1693,1,25,21,LH202,69,73
1694,1,25,22,PHJ90,68,71
1695,1,25,23,MoG,78,83
1696,1,25,24,B97,73,78
1697,1,25,25,PHG86,76,77
1698,1,25,26,NY_166_(Neveh_Yaar),71,77
1699,1,25,27,Tr,76,76
1700,1,25,28,PHFA5,62,63
1701,1,26,1,Mo17,73,79
1702,1,26,2,MQ305,68,68
1703,1,26,3,PHR03,78,81
1704,1,26,4,4F-306_108,71,87
1705,1,26,5,YANG,64,64
1706,1,26,6,LH204,69,72
1707,1,26,7,LH195,77,76
1708,1,26,8,CI_187-2,76,79
1709,1,26,9,MS221,76,77
1710,1,26,10,LH299,66,67
1711,1,26,11,N542,77,77
1712,1,26,12,Ia453,67,77
1713,1,26,13,Pa468,71,76
1714,1,26,14,NC338,83,84
1715,1,26,15,CM99,63,64
1716,1,26,16,B7,77,83
1717,1,26,17,PHVJ4,64,64
1718,1,26,18,MS67,76,79
1719,1,26,19,B97,72,77
1720,1,26,20,Hy,72,81
1721,1,26,21,PHW86,65,67
1722,1,26,22,6M502,76,76
1723,1,26,23,MS223,72,76
1724,1,26,24,LH208,73,77
1725,1,26,25,A648,69,71
1726,1,26,26,CH701-30,71,76
1727,1,26,27,N200,77,83
1728,1,26,28,PHG83,71,73
1729,1,27,1,CML_395,91,95
1730,1,27,2,MS71,71,78
1731,1,27,3,764,69,71
1732,1,27,4,N534,73,78
1733,1,27,5,NK807,66,67
1734,1,27,6,NY6371,76,81
1735,1,27,7,Mo15W,77,81
1736,1,27,8,LH93,72,77
1737,1,27,9,NC264,80,81
1738,1,27,10,C102,77,77
1739,1,27,11,PHK93,81,85
1740,1,27,12,NO._380,63,65
1741,1,27,13,PHHB9,77,76
1742,1,27,14,B97,73,77
1743,1,27,15,PH207,66,71
1744,1,27,16,DKIB02,64,66
1745,1,27,17,PHAA0,64,65
1746,1,27,18,PHW52,72,76
1747,1,27,19,N523,73,77
1748,1,27,20,DE1,76,79
1749,1,27,21,PHKE6,67,68
1750,1,27,22,PHV78,77,81
1751,1,27,23,33-16,77,81
1752,1,27,24,B97,72,77
1753,1,27,25,H5,71,77
1754,1,27,26,80-2,63,63
1755,1,27,27,A340,65,67
1756,1,27,28,ND246,61,63
1757,1,28,1,Mo28W,81,87
1758,1,28,2,OC19,71,71
1759,1,28,3,WR3,69,71
1760,1,28,4,A797NW,83,86
1761,1,28,5,PHW80,71,71
1762,1,28,6,Oh7B,79,85
1763,1,28,7,B97,72,78
1764,1,28,8,A572,64,64
1765,1,28,9,4554_INBRED,62,63
1766,1,28,10,B97,77,77
1767,1,28,11,LH119,71,72
1768,1,28,12,Pa891,79,83
1769,1,28,13,OQ403,65,65
1770,1,28,14,A554,67,67
1771,1,28,15,LH220Ht,71,73
1772,1,28,16,W816G,72,76
1773,1,28,17,B97,73,77
1774,1,28,18,LH185,71,71
1775,1,28,19,M14,71,73
1776,1,28,20,LH52,67,66
1777,1,28,21,WIL903,73,77
1778,1,28,22,W153R,65,65
1779,1,28,23,4722,81,83
1780,1,28,24,K201,81,83
1781,1,28,25,Lp215D,68,71
1782,1,28,26,PHW30,68,72
1783,1,28,27,CR1HT,67,67
1784,1,28,28,793,69,72
1785,1,29,1,DK4676A,64,64
1786,1,29,2,Va38,73,76
1787,1,29,3,LH145,66,68
1788,1,29,4,B97,73,76
1789,1,29,5,B97,73,77
1790,1,29,6,C15,64,64
1791,1,29,7,NC324,77,81
1792,1,29,8,W552,68,71
1793,1,29,9,PHP02,65,67
1794,1,29,10,PHW53,73,76
1795,1,29,11,NC258,81,85
1796,1,29,12,MM501D,76,78
1797,1,29,13,ZS1791,73,76
1798,1,29,14,PHV37,71,72
1799,1,29,15,W9,65,66
1800,1,29,16,CI_21E,79,83
1801,1,29,17,LH192,76,76
1802,1,29,18,LH250,76,77
1803,1,29,19,PHW43,69,71
1804,1,29,20,ICI_581,71,76
1805,1,29,21,INB_101LFY/LFY_(A632_X_M16_S5),76,85
1806,1,29,22,IBC2,69,72
1807,1,29,23,B88,77,83
1808,1,29,24,PHN73,71,71
1809,1,29,25,H105W,69,73
1810,1,29,26,M162W,89,87
1811,1,29,27,K55,77,78
1812,1,29,28,B97,,77
1813,1,30,1,A651,63,64
1814,1,30,2,B97,77,77
1815,1,30,3,DKMFD-13D,73,77
1816,1,30,4,FBLA,71,72
1817,1,30,5,LH186,77,76
1818,1,30,6,B97,77,76
1819,1,30,7,NY_159_(Neveh_Yaar),76,77
1820,1,30,8,G3_T5a,58,57
1821,1,30,9,B97,76,77
1822,1,30,10,B97,76,77
1823,1,30,11,H95,72,77
1824,1,30,12,PHT69,69,72
1825,1,30,13,Mo23W,86,86
1826,1,30,14,904,66,67
1827,1,30,15,Oh33,77,81
1828,1,30,16,A556,68,69
1829,1,30,17,R113,71,73
1830,1,30,18,2FADB,71,71
1831,1,30,19,CO257,73,78
1832,1,30,20,B97,71,77
1833,1,30,21,LH165,68,68
1834,1,30,22,CO158,65,64
1835,1,30,23,A634,69,71
1836,1,30,24,U267Y,81,93
1837,1,30,25,W817G,73,77
1838,1,30,26,LH150,79,81
1839,1,30,27,NC358,80,81
1840,1,30,28,B97,72,77
2001,2,31,1,W182B,65,65
2002,2,31,2,W819G,77,77
2003,2,31,3,ND230,61,61
2004,2,31,4,B97,72,77
2005,2,31,5,LH252,79,86
2006,2,31,6,Mo47,76,76
2007,2,31,7,S8326,76,82
2008,2,31,8,CH701-30,73,76
2009,2,31,9,OQ601,72,77
2010,2,31,10,K47,77,81
2011,2,31,11,A374,69,71
2012,2,31,12,A649,66,66
2013,2,31,13,LH127,64,64
2014,2,31,14,NY_159_(Neveh_Yaar),73,78
2015,2,31,15,J47,76,79
2016,2,31,16,W812G,77,78
2017,2,31,17,Fe,73,77
2018,2,31,18,B97,71,76
2019,2,31,19,NKNP901,71,71
2020,2,31,20,A71,68,71
2021,2,31,21,PHK93,80,83
2022,2,31,22,MS24A,65,67
2023,2,31,23,Eng-Li_Chih,68,68
2024,2,31,24,H122w,76,78
2025,2,31,25,MS225,69,76
2026,2,31,26,B97,72,77
2027,2,31,27,DE4,72,76
2028,2,31,28,AM0776,68,71
2029,2,32,1,K201,81,81
2030,2,32,2,LH189Ht,73,76
2031,2,32,3,AQA3,67,68
2032,2,32,4,PHW80,71,72
2033,2,32,5,NC236,81,83
2034,2,32,6,SD102,72,76
2035,2,32,7,B107,72,77
2036,2,32,8,PHHH9,77,79
2037,2,32,9,H84,73,79
2038,2,32,10,Ia453,66,72
2039,2,32,11,HP301,76,81
2040,2,32,12,CO192,67,68
2041,2,32,13,Os420,71,76
2042,2,32,14,CM7,62,62
2043,2,32,15,MS142,67,63
2044,2,32,16,ND262,62,60
2045,2,32,17,N217,77,77
2046,2,32,18,H49,73,76
2047,2,32,19,K64,80,81
2048,2,32,20,LH51,77,77
2049,2,32,21,B97,72,77
2050,2,32,22,CO255,62,65
2051,2,32,23,B7,77,81
2052,2,32,24,CQ702RC,71,77
2053,2,32,25,CI_21E,80,81
2054,2,32,26,A322,66,67
2055,2,32,27,B97,71,77
2056,2,32,28,B97,73,76
2057,2,33,1,Il778d,71,76
2058,2,33,2,NC326,77,79
2059,2,33,3,DE3,76,77
2060,2,33,4,ND247,66,68
2061,2,33,5,CS608,71,72
2062,2,33,6,CML_154Q,86,86
2063,2,33,7,PHJ31,81,89
2064,2,33,8,R30,77,83
2065,2,33,9,W802G,66,68
2066,2,33,10,B97,76,81
2067,2,33,11,4F-234_BX_4,76,77
2068,2,33,12,Mo39,81,81
2069,2,33,13,78551S,72,73
2070,2,33,14,LH181,72,77
2071,2,33,15,52220,77,78
2072,2,33,16,Ky226,79,82
2073,2,33,17,B97,71,77
2074,2,33,18,A659,69,73
2075,2,33,19,DE1,77,79
2076,2,33,20,DK3IIH6,68,71
2077,2,33,21,B97,71,77
2078,2,33,22,Yong_28,77,78
2079,2,33,23,B97,71,78
2080,2,33,24,ND246,61,63
2081,2,33,25,H124w,76,79
2082,2,33,26,MS72,67,72
2083,2,33,27,N28Ht,77,77
2084,2,33,28,N199,77,79
2085,2,34,1,PHGG7,64,65
2086,2,34,2,CG10,65,64
2087,2,34,3,PHW86,67,71
2088,2,34,4,LH202,71,73
2089,2,34,5,R227,77,86
2090,2,34,6,IBC2,71,76
2091,2,34,7,6M502A,76,81
2092,2,34,8,B97,76,79
2093,2,34,9,B97,76,77
2094,2,34,10,PHP02,67,69
2095,2,34,11,ND167,63,63
2096,2,34,12,LH222,71,72
2097,2,34,13,N218,76,79
2098,2,34,14,ICI_893,77,79
2099,2,34,15,Lp215D,69,73
2100,2,34,16,CI_28A,76,80
2101,2,34,17,LH212Ht,76,77
2102,2,34,18,C103,73,78
2103,2,34,19,DK78002A,73,76
2104,2,34,20,DK78010,72,76
2105,2,34,21,NC338,85,85
2106,2,34,22,NC318,79,81
2107,2,34,23,YING-55,66,71
2108,2,34,24,MS67,77,79
2109,2,34,25,PHVJ4,64,64
2110,2,34,26,Tx303,85,91
2111,2,34,27,W23,71,73
2112,2,34,28,LH82,69,71
2113,2,35,1,PHP85,73,77
2114,2,35,2,R71,73,77
2115,2,35,3,PHT10,77,78
2116,2,35,4,NK907,64,65
2117,2,35,5,C42,59,62
2118,2,35,6,A96,64,64
2119,2,35,7,2369,76,77
2120,2,35,8,F115,69,73
2121,2,35,9,PHR61,76,77
2122,2,35,10,PHB09,72,76
2123,2,35,11,Chi-tan_120,71,
2124,2,35,12,B97,76,79
2125,2,35,13,Mt42,63,64
2126,2,35,14,W818G,82,83
2127,2,35,15,CO257,76,79
2128,2,35,16,Va17,73,86
2129,2,35,17,Mo15W,77,81
2130,2,35,18,WIL900,76,77
2131,2,35,19,PHT22,76,77
2132,2,35,20,AusTRCF_306238,77,79
2133,2,35,21,DE811,77,79
2134,2,35,22,PHEM7,63,62
2135,2,35,23,Hi26,81,85
2136,2,35,24,LH175,67,67
2137,2,35,25,B97,77,78
2138,2,35,26,B97,73,76
2139,2,35,27,B10,79,83
2140,2,35,28,B101,80,84
2141,2,36,1,B97,72,78
2142,2,36,2,B97,76,79
2143,2,36,3,PHP60,86,87
2144,2,36,4,Oh40B,76,81
2145,2,36,5,PHR58,76,78
2146,2,36,6,LH60,77,78
2147,2,36,7,PHN82,71,77
2148,2,36,8,SD42,71,76
2149,2,36,9,Oh7B,79,83
2150,2,36,10,A508,64,64
2151,2,36,11,R225,79,81
2152,2,36,12,Pa762,76,78
2153,2,36,13,L_127,66,68
2154,2,36,14,K148,77,84
2155,2,36,15,U_123,63,62
2156,2,36,16,B97,73,77
2157,2,36,17,4N506,76,77
2158,2,36,18,CM105,64,66
2159,2,36,19,Pa392,69,71
2160,2,36,20,LH208,76,78
2161,2,36,21,2FACC,71,72
2162,2,36,22,MS116,67,77
2163,2,36,23,B109,76,77
2164,2,36,24,A155,65,67
2165,2,36,25,B97,72,76
2166,2,36,26,Sg_18,72,78
2167,2,36,27,DKMBZA,73,76
2168,2,36,28,PHR55,77,77
2169,2,37,1,B97,73,79
2170,2,37,2,4722,84,86
2171,2,37,3,PHR03,79,81
2172,2,37,4,L_155,69,71
2173,2,37,5,NQ508,73,77
2174,2,37,6,Mo13,89,98
2175,2,37,7,PHT73,61,63
2176,2,37,8,K4,86,89
2177,2,37,9,Va59,73,83
2178,2,37,10,PHN73,71,73
2179,2,37,11,PHJ89,69,71
2180,2,37,12,M162W,91,91
2181,2,37,13,GE54,80,86
2182,2,37,14,PHTM9,67,67
2183,2,37,15,N215,77,78
2184,2,37,16,PHK56,71,78
2185,2,37,17,B97,72,78
2186,2,37,18,N200,79,83
2187,2,37,19,PHW03,69,69
2188,2,37,20,B97,77,79
2189,2,37,21,LH215,77,79
2190,2,37,22,PHV07,80,79
2191,2,37,23,PHG80,71,73
2192,2,37,24,F7,60,63
2193,2,37,25,LH200,71,73
2194,2,37,26,6M502,77,78
2195,2,37,27,H14,77,86
2196,2,37,28,PHN46,77,76
2197,2,38,1,MM501D,77,81
2198,2,38,2,L_135,65,69
2199,2,38,3,PHR36,77,77
2200,2,38,4,Il14H,71,77
2201,2,38,5,B46,79,81
2202,2,38,6,LH250,77,78
2203,2,38,7,YE-CHI-HUNG,71,72
2204,2,38,8,B97,76,79
2205,2,38,9,CI_64,89,83
2206,2,38,10,B75,72,78
2207,2,38,11,PHG39,77,76
2208,2,38,12,NC302,79,81
2209,2,38,13,MQ305,67,65
2210,2,38,14,N542,72,76
2211,2,38,15,LH198,73,76
2212,2,38,16,H105W,71,76
2213,2,38,17,MBST,73,76
2214,2,38,18,Bei_10_=_North_10,73,76
2215,2,38,19,N527,72,81
2216,2,38,20,PHN18,78,78
2217,2,38,21,B88,79,86
2218,2,38,22,NC250,78,79
2219,2,38,23,INBRED_2-687,76,79
2220,2,38,24,S_56,60,63
2221,2,38,25,PHR62,71,76
2222,2,38,26,Pa468,69,77
2223,2,38,27,LH190,77,78
2224,2,38,28,ND287,63,65
2225,2,39,1,R134,79,82
2226,2,39,2,W8555,76,77
2227,2,39,3,A344,63,64
2228,2,39,4,NY6371,78,81
2229,2,39,5,B97,77,81
2230,2,39,6,PHR31,73,78
2231,2,39,7,NS501,71,73
2232,2,39,8,OQ603,68,71
2233,2,39,9,PHT69,69,71
2234,2,39,10,PHM81,61,61
2235,2,39,11,MBPM,77,77
2236,2,39,12,PHJ40,65,64
2237,2,39,13,W601S,71,79
2238,2,39,14,PHJ33,71,72
2239,2,39,15,PHKE6,67,69
2240,2,39,16,PHV57,67,68
2241,2,39,17,K41,73,79
2242,2,39,18,B97,77,79
2243,2,39,19,L_139,71,72
2244,2,39,20,38-11,85,89
2245,2,39,21,A258,73,77
2246,2,39,22,NC258,81,83
2247,2,39,23,WIL901,77,79
2248,2,39,24,K150,71,76
2249,2,39,25,LH191,71,72
2250,2,39,26,PHVA9,68,71
2251,2,39,27,LH160,63,65
2252,2,39,28,B97,78,78
2253,2,40,1,PHG83,71,75
2254,2,40,2,DKMBNA,67,75
2255,2,40,3,B97,72,76
2256,2,40,4,793,72,74
2257,2,40,5,INBRED_100,85,89
2258,2,40,6,2FADB,71,73
2259,2,40,7,LH1,75,83
2260,2,40,8,N28,76,78
2261,2,40,9,B97,75,78
2262,2,40,10,W182BN,67,68
2263,2,40,11,B73Htrhm,75,76
2264,2,40,12,B97,73,75
2265,2,40,13,S8324,68,71
2266,2,40,14,LH39,71,71
2267,2,40,15,PHKM5,62,63
2268,2,40,16,FR19,71,72
2269,2,40,17,PHTE4,67,69
2270,2,40,18,PHW53,75,75
2271,2,40,19,LH169Ht,71,73
2272,2,40,20,LH184,79,81
2273,2,40,21,A305,67,68
2274,2,40,22,B97,75,76
2275,2,40,23,PH5HK,71,72
2276,2,40,24,Va99,73,76
2277,2,40,25,Mo30W,76,91
2278,2,40,26,R113,71,73
2279,2,40,27,T141,65,69
2280,2,40,28,F118,78,79
2281,2,41,1,LH218,76,78
2282,2,41,2,LH194,75,75
2283,2,41,3,CS405,69,71
2284,2,41,4,C15,65,65
2285,2,41,5,A321,71,73
2286,2,41,6,A415-1-3_INBRED,77,85
2287,2,41,7,A673,65,72
2288,2,41,8,B97,75,78
2289,2,41,9,INBRED_109,77,79
2290,2,41,10,B52,81,83
2291,2,41,11,29MIBZ2,66,68
2292,2,41,12,NC328,76,77
2293,2,41,13,A73,71,75
2294,2,41,14,B73,76,77
2295,2,41,15,B97,72,78
2296,2,41,16,MS224,76,81
2297,2,41,17,LH231,72,73
2298,2,41,18,L_289,77,78
2299,2,41,19,NKH8431,73,73
2300,2,41,20,ICI_441,76,78
2301,2,41,21,GE129,79,86
2302,2,41,22,B97,75,76
2303,2,41,23,KUNG-70,71,75
2304,2,41,24,R4,75,77
2305,2,41,25,B97,71,73
2306,2,41,26,LH93,73,76
2307,2,41,27,Ia5125B,66,68
2308,2,41,28,Oh603,75,78
2309,2,42,1,1538,67,68
2310,2,42,2,PHEM9,66,67
2311,2,42,3,CO256,72,81
2312,2,42,4,PHV53,79,83
2313,2,42,5,Hy,76,81
2314,2,42,6,FBLL,73,73
2315,2,42,7,NC232,81,86
2316,2,42,8,LH186,75,75
2317,2,42,9,W815G,77,78
2318,2,42,10,INBRED_305,72,78
2319,2,42,11,NC294,79,81
2320,2,42,12,PHN41,71,71
2321,2,42,13,LH162,65,67
2322,2,42,14,LH123HT,75,80
2323,2,42,15,B97,72,74
2324,2,42,16,B8,71,73
2325,2,42,17,ND259,66,70
2326,2,42,18,W117HT,65,66
2327,2,42,19,N192,69,72
2328,2,42,20,DE2,76,81
2329,2,42,21,LH217,72,73
2330,2,42,22,B97,75,79
2331,2,42,23,Pa91,75,81
2332,2,42,24,LH74,70,71
2333,2,42,25,B97,71,75
2334,2,42,26,CML_228,75,76
2335,2,42,27,PHTD5,65,65
2336,2,42,28,B97,72,77
2337,2,43,1,LH128,73,73
2338,2,43,2,T9,56,58
2339,2,43,3,PHT60,72,72
2340,2,43,4,B97,75,78
2341,2,43,5,PHG29,68,73
2342,2,43,6,CA-4,76,77
2343,2,43,7,B164,74,77
2344,2,43,8,B57,72,75
2345,2,43,9,PHWG5,76,79
2346,2,43,10,OQ101,65,66
2347,2,43,11,T242,65,71
2348,2,43,12,Va26,71,71
2349,2,43,13,A619,68,72
2350,2,43,14,CI_187-2,73,77
2351,2,43,15,PHJ90,67,72
2352,2,43,16,PHT55,79,83
2353,2,43,17,ND260,65,66
2354,2,43,18,PHN34,77,75
2355,2,43,19,A682,69,69
2356,2,43,20,DKPB80,77,78
2357,2,43,21,WXB6,75,81
2358,2,43,22,H110,83,86
2359,2,43,23,LH225,66,68
2360,2,43,24,PHW52,72,75
2361,2,43,25,F2834T,77,80
2362,2,43,26,A340,66,68
2363,2,43,27,K155,79,83
2364,2,43,28,PHM10,71,73
2365,2,44,1,H114,75,77
2366,2,44,2,R197,77,75
2367,2,44,3,Mp339,85,89
2368,2,44,4,DK8M116,77,81
2369,2,44,5,LH220Ht,73,73
2370,2,44,6,DKWDAD1,72,72
2371,2,44,7,LH143_(Maintainer),71,75
2372,2,44,8,B97,70,70
2373,2,44,9,B87,71,73
2374,2,44,10,M14,72,73
2375,2,44,11,B97,73,77
2376,2,44,12,LH150,81,83
2377,2,44,13,CQ806,75,77
2378,2,44,14,W810G,76,80
2379,2,44,15,B97,73,77
2380,2,44,16,A797NW,86,98
2381,2,44,17,Mo7,82,89
2382,2,44,18,B105,73,79
2383,2,44,19,PHG71,71,73
2384,2,44,20,N201,77,77
2385,2,44,21,4578_INBRED,75,76
2386,2,44,22,K55,77,81
2387,2,44,23,DKF274,81,76
2388,2,44,24,LIBC_4,66,67
2389,2,44,25,Mo3,81,86
2390,2,44,26,Mo45,77,81
2391,2,44,27,W809G,75,78
2392,2,44,28,PHB47,73,75
2393,2,45,1,W32,73,75
2394,2,45,2,A334,66,67
2395,2,45,3,CM99,63,66
2396,2,45,4,Pa880,79,79
2397,2,45,5,EP1,65,66
2398,2,45,6,Va22,76,77
2399,2,45,7,W811G,77,80
2400,2,45,8,CO106,63,66
2401,2,45,9,N501,69,73
2402,2,45,10,B84,76,75
2403,2,45,11,B97,74,79
2404,2,45,12,LH197,75,76
2405,2,45,13,PHK74,65,66
2406,2,45,14,NC262,71,76
2407,2,45,15,MS106,70,73
2408,2,45,16,R53,65,67
2409,2,45,17,LH224,76,77
2410,2,45,18,DKMBUB,77,79
2411,2,45,19,PHT77,71,73
2412,2,45,20,PHW51,79,81
2413,2,45,21,B97,78,79
2414,2,45,22,B97,75,79
2415,2,45,23,NC304,85,87
2416,2,45,24,Va38,76,76
2417,2,45,25,LH167,67,68
2418,2,45,26,B76,72,78
2419,2,45,27,C49A,61,62
2420,2,45,28,G22_T122,61,63
2421,2,46,1,MS200,66,73
2422,2,46,2,PHK76,71,72
2423,2,46,3,PHP55,69,73
2424,2,46,4,B97,75,79
2425,2,46,5,6F629,76,77
2426,2,46,6,IBB14,68,71
2427,2,46,7,CL27,60,61
2428,2,46,8,Mo1W,73,76
2429,2,46,9,OC19,75,75
2430,2,46,10,IDS91,76,81
2431,2,46,11,B-28,73,75
2432,2,46,12,LH204,71,75
2433,2,46,13,LP1_NR_Ht,73,77
2434,2,46,14,LH119,73,75
2435,2,46,15,CH157,68,70
2436,2,46,16,ND249,61,62
2437,2,46,17,PHK42,68,73
2438,2,46,18,OQ403,66,67
2439,2,46,19,INBRED_141,75,78
2440,2,46,20,LH59,74,76
2441,2,46,21,PHBB3,75,78
2442,2,46,22,C123,71,72
2443,2,46,23,A632,73,76
2444,2,46,24,MS153,69,72
2445,2,46,25,B97,75,75
2446,2,46,26,PHW17,74,75
2447,2,46,27,Mo46,67,72
2448,2,46,28,PHJR5,71,72
2449,2,47,1,B97,75,79
2450,2,47,2,2MA22,68,76
2451,2,47,3,PHHB9,75,75
2452,2,47,4,B97,75,81
2453,2,47,5,LH210,79,81
2454,2,47,6,PHFA5,63,64
2455,2,47,7,PHAA0,65,66
2456,2,47,8,LH192,78,78
2457,2,47,9,PHM57,81,82
2458,2,47,10,W603S,71,73
2459,2,47,11,B64,77,81
2460,2,47,12,B97,75,78
2461,2,47,13,B97,73,75
2462,2,47,14,PHEW7,73,73
2463,2,47,15,W605S,72,75
2464,2,47,16,ICI_581,73,75
2465,2,47,17,B42,77,76
2466,2,47,18,H99,75,76
2467,2,47,19,PHP76,72,75
2468,2,47,20,Yu796_NS,71,72
2469,2,47,21,PHW30,71,75
2470,2,47,22,3IJI1,69,71
2471,2,47,23,FBLA,70,72
2472,2,47,24,PHJ70,75,74
2473,2,47,25,NK807,66,67
2474,2,47,26,W24,73,75
2475,2,47,27,B77,75,78
2476,2,47,28,CML_323,83,87
2477,2,48,1,YANG,65,65
2478,2,48,2,PHW06,63,65
2479,2,48,3,764,67,71
2480,2,48,4,B14A,76,79
2481,2,48,5,A674,69,72
2482,2,48,6,PHK46,76,83
2483,2,48,7,B97,75,75
2484,2,48,8,DKFBHJ,73,75
2485,2,48,9,C102,77,79
2486,2,48,10,N545,79,86
2487,2,48,11,Oh33,76,81
2488,2,48,12,PHK29,76,76
2489,2,48,13,M37W,87,91
2490,2,48,14,NC264,79,81
2491,2,48,15,DK78371A,74,75
2492,2,48,16,W8304,75,79
2493,2,48,17,B97,75,79
2494,2,48,18,T232,79,86
2495,2,48,19,PHBA6,73,75
2496,2,48,20,B97,74,76
2497,2,48,21,CO158,66,67
2498,2,48,22,DKHBA1,76,78
2499,2,48,23,NQ402,69,73
2500,2,48,24,Mo5,78,78
2501,2,48,25,B97,75,76
2502,2,48,26,PHT11,73,75
2503,2,48,27,W182E,68,69
2504,2,48,28,B68,76,82
2505,2,49,1,W552,66,71
2506,2,49,2,LH159,85,86
2507,2,49,3,AS6103,73,77
2508,2,49,4,A,80,86
2509,2,49,5,911,65,67
2510,2,49,6,B97,75,78
2511,2,49,7,Pa891,77,81
2512,2,49,8,B97,75,77
2513,2,49,9,PHJ75,64,65
2514,2,49,10,YELLOW_3-4,69,73
2515,2,49,11,LH61,67,69
2516,2,49,12,NC260,78,83
2517,2,49,13,A556,68,68
2518,2,49,14,LH145,66,66
2519,2,49,15,R226,77,76
2520,2,49,16,Va35,76,78
2521,2,49,17,N538,77,78
2522,2,49,18,Oh43E,71,73
2523,2,49,19,LH164,67,71
2524,2,49,20,Sg_1533,83,86
2525,2,49,21,80-2,65,65
2526,2,49,22,DK8M129,71,75
2527,2,49,23,N534,75,78
2528,2,49,24,B97,72,77
2529,2,49,25,B97,75,76
2530,2,49,26,F42,68,71
2531,2,49,27,A548,66,71
2532,2,49,28,CO117,60,63
2533,2,50,1,B14,77,78
2534,2,50,2,N193,69,73
2535,2,50,3,W604S,69,73
2536,2,50,4,LH156,81,79
2537,2,50,5,Mo16W,81,78
2538,2,50,6,ICI_986,73,75
2539,2,50,7,Mo24W,77,83
2540,2,50,8,WU-TAN-TZAO,76,77
2541,2,50,9,IA2132,63,65
2542,2,50,10,CML_395,93,92
2543,2,50,11,PHW20,68,73
2544,2,50,12,PHK35,75,78
2545,2,50,13,A401,72,71
2546,2,50,14,MS222,75,76
2547,2,50,15,E8501,74,81
2548,2,50,16,H113,73,81
2549,2,50,17,NC298,83,83
2550,2,50,18,INBRED_321,77,81
2551,2,50,19,W602S,71,76
2552,2,50,20,A3G-3-3-1-313,76,78
2553,2,50,21,PHN47,85,91
2554,2,50,22,PHJ65,80,85
2555,2,50,23,DK84QAB1,74,76
2556,2,50,24,LH223,68,71
2557,2,50,25,N523,73,78
2558,2,50,26,W814G,76,78
2559,2,50,27,LH166,71,71
2560,2,50,28,Va52,73,76
2561,2,51,1,NP87,76,81
2562,2,51,2,MBWZ,75,76
2563,2,51,3,B97,74,77
2564,2,51,4,PHMK0,81,86
2565,2,51,5,CML_218,,95
2566,2,51,6,CO258,75,78
2567,2,51,7,YE_4,73,75
2568,2,51,8,DK3IBZ2,63,65
2569,2,51,9,B97,76,79
2570,2,51,10,MoG,83,87
2571,2,51,11,CM48,60,60
2572,2,51,12,33-16,80,93
2573,2,51,13,B90,74,77
2574,2,51,14,ND265,65,66
2575,2,51,15,LH211,76,76
2576,2,51,16,PHG84,80,85
2577,2,51,17,U267Y,87,93
2578,2,51,18,A627,69,72
2579,2,51,19,A239,73,75
2580,2,51,20,MS132,78,78
2581,2,51,21,NC13,75,76
2582,2,51,22,PHP38,73,75
2583,2,51,23,912,66,67
2584,2,51,24,PHR63,72,76
2585,2,51,25,A661,63,65
2586,2,51,26,H91,75,77
2587,2,51,27,NC324,76,81
2588,2,51,28,Oh7,77,82
2589,2,52,1,NC358,79,81
2590,2,52,2,MS71,71,73
2591,2,52,3,B97,73,77
2592,2,52,4,91IFC2,67,68
2593,2,52,5,LH132,73,75
2594,2,52,6,C68,67,73
2595,2,52,7,PHAW6,74,76
2596,2,52,8,DK8F196,75,79
2597,2,52,9,B97,81,81
2598,2,52,10,N209,73,75
2599,2,52,11,LH199,73,76
2600,2,52,12,HB8229,76,81
2601,2,52,13,B97,76,78
2602,2,52,14,PHG35,71,73
2603,2,52,15,ZS1791,75,75
2604,2,52,16,B37,74,81
2605,2,52,17,NK740,75,78
2606,2,52,18,PHH93,68,71
2607,2,52,19,INBRED_309,77,86
2608,2,52,20,LH188,77,80
2609,2,52,21,LH149,66,68
2610,2,52,22,IBB15,67,69
2611,2,52,23,LH165,70,71
2612,2,52,24,W37A,65,67
2613,2,52,25,PHPR5,71,71
2614,2,52,26,NO._380,60,61
2615,2,52,27,W64A,70,71
2616,2,52,28,ND251,62,63
2617,2,53,1,CI_91B,76,77
2618,2,53,2,W153R,65,66
2619,2,53,3,LH172,67,68
2620,2,53,4,B106,72,73
2621,2,53,5,B97,75,77
2622,2,53,6,Pa405,70,73
2623,2,53,7,N6,72,76
2624,2,53,8,Va14,78,86
2625,2,53,9,NC368,79,83
2626,2,53,10,PHEG9,76,78
2627,2,53,11,FC46,65,73
2628,2,53,12,LH57,68,73
2629,2,53,13,Hi28,83,86
2630,2,53,14,LH193,73,75
2631,2,53,15,LH54,70,75
2632,2,53,16,787,78,83
2633,2,53,17,INB_101LFY/LFY_(A632_X_M16_S5),76,83
2634,2,53,18,W816G,75,78
2635,2,53,19,PHK05,59,60
2636,2,53,20,B104,75,77
2637,2,53,21,Pa778,70,75
2638,2,53,22,LH260,70,71
2639,2,53,23,T146,69,73
2640,2,53,24,Va85,76,79
2641,2,53,25,NC362,77,80
2642,2,53,26,SG_30A,73,75
2643,2,53,27,NC364,75,78
2644,2,53,28,CML_91,90,92
2645,2,54,1,B97,75,79
2646,2,54,2,MS221,75,76
2647,2,54,3,LH196,71,71
2648,2,54,4,LH216,75,77
2649,2,54,5,LH214,76,79
2650,2,54,6,H121,77,85
2651,2,54,7,LP5,71,73
2652,2,54,8,NC310,75,75
2653,2,54,9,SD44,68,68
2654,2,54,10,A651,63,63
2655,2,54,11,W22,71,75
2656,2,54,12,B108,76,78
2657,2,54,13,904,65,65
2658,2,54,14,NC290A,76,87
2659,2,54,15,DK84BRQ4,73,76
2660,2,54,16,CR1HT,67,68
2661,2,54,17,NORTH_7,69,72
2662,2,54,18,LH284,73,75
2663,2,54,19,B97,73,75
2664,2,54,20,PHBW8,69,69
2665,2,54,21,A680,74,76
2666,2,54,22,PHZ51,75,75
2667,2,54,23,NKBCC03,76,79
2668,2,54,24,H5,72,78
2669,2,54,25,A15,61,61
2670,2,54,26,B97,75,77
2671,2,54,27,A663,76,78
2672,2,54,28,Ky21,83,91
2673,2,55,1,B97,72,75
2674,2,55,2,B79,75,77
2675,2,55,3,SD101,73,73
2676,2,55,4,B97,73,76
2677,2,55,5,B-18_INBR.FR.SUPERGOLD,69,72
2678,2,55,6,B97,76,76
2679,2,55,7,LH205,72,75
2680,2,55,8,B97,75,80
2681,2,55,9,DKMFD-13D,73,75
2682,2,55,10,LH206,72,75
2683,2,55,11,B97,72,75
2684,2,55,12,R229,75,77
2685,2,55,13,CML_108,77,79
2686,2,55,14,B97,75,78
2687,2,55,15,PH207,66,71
2688,2,55,16,KO679Y,81,83
2689,2,55,17,H95,75,81
2690,2,55,18,NP899,71,75
2691,2,55,19,PHGV6,83,85
2692,2,55,20,NC230,82,85
2693,2,55,21,PHN66,73,76
2694,2,55,22,LH195,76,78
2695,2,55,23,CML_220,81,83
2696,2,55,24,MEF156-55-2,63,62
2697,2,55,25,N540,77,77
2698,2,55,26,PHT47,75,78
2699,2,55,27,DKIB014,73,75
2700,2,55,28,LH146Ht,67,69
2701,2,56,1,CSJ3,54,59
2702,2,56,2,CO125,63,66
2703,2,56,3,PHWRZ,71,71
2704,2,56,4,DKNL001,72,73
2705,2,56,5,PHW43,71,73
2706,2,56,6,DJ7,75,76
2707,2,56,7,Seagull_Seventeen,73,76
2708,2,56,8,Huanyao,76,75
2709,2,56,9,TZU-CHIAO-HSI-WU_105,75,75
2710,2,56,10,B97,73,76
2711,2,56,11,4554_INBRED,62,63
2712,2,56,12,Ky228,80,93
2713,2,56,13,LH183,73,75
2714,2,56,14,IDS28,73,77
2715,2,56,15,CM37,63,63
2716,2,56,16,PHG47,68,71
2717,2,56,17,A554,65,67
2718,2,56,18,NY_166_(Neveh_Yaar),68,77
2719,2,56,19,DK6F545,75,81
2720,2,56,20,B91,73,77
2721,2,56,21,F44,89,95
2722,2,56,22,PHN11,67,68
2723,2,56,23,LH163,71,72
2724,2,56,24,R177,74,79
2725,2,56,25,Oh43,69,72
2726,2,56,26,LH52,69,69
2727,2,56,27,B66,72,76
2728,2,56,28,87916W,68,79
2729,2,57,1,ZS635,70,71
2730,2,57,2,CI_3A,77,78
2731,2,57,3,MS223,73,72
2732,2,57,4,792,73,75
2733,2,57,5,A427,72,77
2734,2,57,6,B85,70,76
2735,2,57,7,VaW6,75,77
2736,2,57,8,ICI_740,75,76
2737,2,57,9,J8606,73,74
2738,2,57,10,LH185,66,71
2739,2,57,11,NC306,75,77
2740,2,57,12,R181B,73,75
2741,2,57,13,B97,75,77
2742,2,57,14,PHV37,71,72
2743,2,57,15,B54,75,79
2744,2,57,16,W813G,70,72
2745,2,57,17,W9,67,67
2746,2,57,18,WIL903,76,77
2747,2,57,19,NC350,85,85
2748,2,57,20,CI_540,79,83
2749,2,57,21,DKIB02,65,67
2750,2,57,22,ZS01250,65,66
2751,2,57,23,DKMM402A,75,77
2752,2,57,24,A672,68,71
2753,2,57,25,WR3,66,67
2754,2,57,26,B97,75,78
2755,2,57,27,SD15,72,73
2756,2,57,28,LH299,69,69
2757,2,58,1,ND283,63,65
2758,2,58,2,Tr,73,75
2759,2,58,3,A634,68,71
2760,2,58,4,OS602,68,69
2761,2,58,5,Mo44,80,83
2762,2,58,6,B97,72,76
2763,2,58,7,NK794,67,68
2764,2,58,8,I29,68,70
2765,2,58,9,Mo17,73,77
2766,2,58,10,A662,60,61
2767,2,58,11,NS701,73,73
2768,2,58,12,H71,73,78
2769,2,58,13,LH213,75,78
2770,2,58,14,LH38,71,73
2771,2,58,15,G3_T5a,56,58
2772,2,58,16,PHG86,75,78
2773,2,58,17,B97,75,76
2774,2,58,18,B97,73,76
2775,2,58,19,Wf9,71,72
2776,2,58,20,2MCDB,69,71
2777,2,58,21,R101,71,92
2778,2,58,22,NC342,75,78
2779,2,58,23,W817G,75,79
2780,2,58,24,SD40,71,77
2781,2,58,25,T8,81,82
2782,2,58,26,CO245,62,63
2783,2,58,27,B65,77,77
2784,2,58,28,PHV63,76,81
2785,2,59,1,A635,67,68
2786,2,59,2,B97,73,77
2787,2,59,3,CH753-4,67,68
2788,2,59,4,T234,80,86
2789,2,59,5,A679,69,69
2790,2,59,6,L317,78,86
2791,2,59,7,CL17,58,63
2792,2,59,8,NC348,77,78
2793,2,59,9,B97,75,78
2794,2,59,10,N7A,75,78
2795,2,59,11,A654,65,65
2796,2,59,12,B97,75,77
2797,2,59,13,B97,75,78
2798,2,59,14,CML_322,87,91
2799,2,59,15,MS226,71,71
2800,2,59,16,PHR25,63,65
2801,2,59,17,Mo23W,86,91
2802,2,59,18,ND245,63,65
2803,2,59,19,L222,69,69
2804,2,59,20,DK83IBI3,66,71
2805,2,59,21,W821G,76,78
2806,2,59,22,B97,73,76
2807,2,59,23,B97,73,79
2808,2,59,24,PHHB4,76,75
2809,2,59,25,B99,73,81
2810,2,59,26,CH711-10,72,75
2811,2,59,27,PHR32,75,78
2812,2,59,28,PHV78,75,83
2813,2,60,1,4F-306_108,69,79
2814,2,60,2,Va102,72,77
2815,2,60,3,B97,71,76
2816,2,60,4,DK4676A,69,69
2817,2,60,5,PHRE1,63,63
2818,2,60,6,H52,89,91
2819,2,60,7,Huobai,77,76
2820,2,60,8,11430,69,71
2821,2,60,9,CI_40H,69,73
2822,2,60,10,R78,74,75
2823,2,60,11,A12,63,65
2824,2,60,12,MS1334,63,63
2825,2,60,13,WIL500,89,93
2826,2,60,14,B97,75,78
2827,2,60,15,AS5707,75,75
2828,2,60,16,ICI_193,71,73
2829,2,60,17,NC340,89,91
2830,2,60,18,A572,65,65
2831,2,60,19,RS_710,64,65
2832,2,60,20,CR14,68,69
2833,2,60,21,A648,71,71
2834,2,60,22,B97,72,79
2835,2,60,23,Mo28W,83,93
2836,2,60,24,PHG50,68,71
2837,2,60,25,IDS69,77,81
2838,2,60,26,NC356,81,83
2839,2,60,27,P39,68,72
2840,2,60,28,HP72-11,77,81